srcNodeId	srcNodeType	dstNodeId	dstNodeType	rel	status	mimeType	remoteIpAddress	fromServiceWorker
cc622cd35305fa4e8726b8249e206d18	Resource	DD43D910B8E30DA3F16F8B5C984CCA91_F13A546BADC196B495E95DF2DC855ACA	Frame	respond	200	text/html	Unknown	False
2110e24e24492d9e84a582ae1b103fc9	Resource	DD43D910B8E30DA3F16F8B5C984CCA91_F13A546BADC196B495E95DF2DC855ACA	Frame	respond	200	text/css	Unknown	False
3af6f827c930b4eb1bbfc7919a93bcbd	Resource	DD43D910B8E30DA3F16F8B5C984CCA91_F13A546BADC196B495E95DF2DC855ACA	Frame	respond	200	text/css	Unknown	False
a5cceaebaecd115ba9593cadcec308a8	Resource	DD43D910B8E30DA3F16F8B5C984CCA91_F13A546BADC196B495E95DF2DC855ACA	Frame	respond	200	text/css	Unknown	False
8b11cdf1459a34b4401cadbb9adc5bb1	Resource	DD43D910B8E30DA3F16F8B5C984CCA91_F13A546BADC196B495E95DF2DC855ACA	Frame	respond	200	application/javascript	Unknown	False
4352c71c7dbf3ea299f6e8f75552d037	Resource	DD43D910B8E30DA3F16F8B5C984CCA91_F13A546BADC196B495E95DF2DC855ACA	Frame	respond	200	application/javascript	Unknown	False
fa23745d4e6bc99d0e191c82e00f6cf9	Resource	DD43D910B8E30DA3F16F8B5C984CCA91_F13A546BADC196B495E95DF2DC855ACA	Frame	respond	200	application/javascript	Unknown	False
48d1e9cdfb4d5ee53ae41991e0117247	Resource	DD43D910B8E30DA3F16F8B5C984CCA91_F13A546BADC196B495E95DF2DC855ACA	Frame	respond	200	font/woff2	Unknown	False
44c4e0cb57730a9bb85bad6da049fd63	Resource	DD43D910B8E30DA3F16F8B5C984CCA91_F13A546BADC196B495E95DF2DC855ACA	Frame	respond	404	text/html	Unknown	False
54018db73cd354e7a2f61e8918611b63	Resource	D209C1B32E8178359D7E0707ECA6F840_CCC16432E81CA21B66CA4B964B65C6BD	Frame	respond	200	font/woff2	Unknown	False
227f2211426c353b2ecec0efd91f23ab	Resource	D209C1B32E8178359D7E0707ECA6F840_CCC16432E81CA21B66CA4B964B65C6BD	Frame	respond	200	font/woff2	Unknown	False
eef53a3e369403583e89b69cbcfd3c88	Resource	D209C1B32E8178359D7E0707ECA6F840_CCC16432E81CA21B66CA4B964B65C6BD	Frame	respond	200	font/woff2	Unknown	False
a43b0a1a329381b51da312eb3632c939	Resource	8_D209C1B32E8178359D7E0707ECA6F840_CCC16432E81CA21B66CA4B964B65C6BD	Script	respond	200	text/javascript	Unknown	False
6ef8eb16862a0cb5bbba0e32153ebdaa	Resource	8_D209C1B32E8178359D7E0707ECA6F840_CCC16432E81CA21B66CA4B964B65C6BD	Script	respond	200	text/javascript	Unknown	False
708fc1c7343ab2d23cf5b0e269252401	Resource	8_D209C1B32E8178359D7E0707ECA6F840_CCC16432E81CA21B66CA4B964B65C6BD	Script	respond	200	text/javascript	Unknown	False
90272194f62cbb330008a1b5693afde2	Resource	D209C1B32E8178359D7E0707ECA6F840_CCC16432E81CA21B66CA4B964B65C6BD	Frame	respond	404	text/html	Unknown	False
e3993d80d675928570caf1c07ab80ca1	Resource	8_D209C1B32E8178359D7E0707ECA6F840_CCC16432E81CA21B66CA4B964B65C6BD	Script	respond	200	text/javascript	Unknown	False
1cff27337ecccb29cf1084cde5a640fe	Resource	8_D209C1B32E8178359D7E0707ECA6F840_CCC16432E81CA21B66CA4B964B65C6BD	Script	respond	200	text/javascript	Unknown	False
9e2ae3eb2776e9757b97a16c25cf43f8	Resource	8_D209C1B32E8178359D7E0707ECA6F840_CCC16432E81CA21B66CA4B964B65C6BD	Script	respond	200	text/javascript	Unknown	False
d72ce211f5a1554eb867f61811a17975	Resource	8_D209C1B32E8178359D7E0707ECA6F840_CCC16432E81CA21B66CA4B964B65C6BD	Script	respond	200	text/javascript	Unknown	False
f6c16f42721077c6c44163b34e10c120	Resource	8_D209C1B32E8178359D7E0707ECA6F840_CCC16432E81CA21B66CA4B964B65C6BD	Script	respond	200	text/javascript	Unknown	False
8efaef6509e41c4e6de40907971411dc	Resource	8_D209C1B32E8178359D7E0707ECA6F840_CCC16432E81CA21B66CA4B964B65C6BD	Script	respond	200	text/javascript	Unknown	False
762e12aae2902e6dd62cca7ec6403a43	Resource	8_D209C1B32E8178359D7E0707ECA6F840_CCC16432E81CA21B66CA4B964B65C6BD	Script	respond	200	text/javascript	Unknown	False
384699a43b4d11413fa29bb33fda13d3	Resource	8_D209C1B32E8178359D7E0707ECA6F840_CCC16432E81CA21B66CA4B964B65C6BD	Script	respond	200	text/javascript	Unknown	False
0a1ba40559466c70fff716b2f97e25d7	Resource	8_D209C1B32E8178359D7E0707ECA6F840_CCC16432E81CA21B66CA4B964B65C6BD	Script	respond	200	text/javascript	Unknown	False
3a9ccc7c14a1dd24c758fb4db3393a5f	Resource	8_D209C1B32E8178359D7E0707ECA6F840_CCC16432E81CA21B66CA4B964B65C6BD	Script	respond	200	text/javascript	Unknown	False
7f43db1a368787172a21ce74253a5145	Resource	8_D209C1B32E8178359D7E0707ECA6F840_CCC16432E81CA21B66CA4B964B65C6BD	Script	respond	200	text/javascript	Unknown	False
1269838245324b59d3dd67d575ecdcf2	Resource	8_D209C1B32E8178359D7E0707ECA6F840_CCC16432E81CA21B66CA4B964B65C6BD	Script	respond	200	text/javascript	Unknown	False
26e3632656d9c270aa93c3a443030aba	Resource	8_D209C1B32E8178359D7E0707ECA6F840_CCC16432E81CA21B66CA4B964B65C6BD	Script	respond	200	text/javascript	Unknown	False
390dca71f2b68235f1948b420423e3de	Resource	8_D209C1B32E8178359D7E0707ECA6F840_CCC16432E81CA21B66CA4B964B65C6BD	Script	respond	200	text/javascript	Unknown	False
4edb5602e730c6539289da8c52aee001	Resource	8_D209C1B32E8178359D7E0707ECA6F840_CCC16432E81CA21B66CA4B964B65C6BD	Script	respond	200	text/javascript	Unknown	False
f6b4828a32cfcb865f584289dcf3b8b8	Resource	8_D209C1B32E8178359D7E0707ECA6F840_CCC16432E81CA21B66CA4B964B65C6BD	Script	respond	200	text/javascript	Unknown	False
340bdce9a32f694a2d529b717d1846c0	Resource	8_D209C1B32E8178359D7E0707ECA6F840_CCC16432E81CA21B66CA4B964B65C6BD	Script	respond	200	text/javascript	Unknown	False
b17d37660b9c32a03ccbb7f5bf4dc100	Resource	8_D209C1B32E8178359D7E0707ECA6F840_CCC16432E81CA21B66CA4B964B65C6BD	Script	respond	200	text/javascript	Unknown	False
2a3694ecd220c811ce9d372d77ec13cd	Resource	8_D209C1B32E8178359D7E0707ECA6F840_CCC16432E81CA21B66CA4B964B65C6BD	Script	respond	200	text/javascript	Unknown	False
981482e1eb98b67ad270847e072d82bb	Resource	8_D209C1B32E8178359D7E0707ECA6F840_CCC16432E81CA21B66CA4B964B65C6BD	Script	respond	200	text/javascript	Unknown	False
7a66fa2b025e7d7755871eb7f2d1edac	Resource	8_D209C1B32E8178359D7E0707ECA6F840_CCC16432E81CA21B66CA4B964B65C6BD	Script	respond	200	text/javascript	Unknown	False
7e1d01ff63969ef52d96a6a56f1305a8	Resource	8_D209C1B32E8178359D7E0707ECA6F840_CCC16432E81CA21B66CA4B964B65C6BD	Script	respond	200	text/javascript	Unknown	False
501c6307155436afa9b4db2da2e3f7fa	Resource	8_D209C1B32E8178359D7E0707ECA6F840_CCC16432E81CA21B66CA4B964B65C6BD	Script	respond	200	text/javascript	Unknown	False
c8dea72d2e4e1cc3d2200125088e84bf	Resource	8_D209C1B32E8178359D7E0707ECA6F840_CCC16432E81CA21B66CA4B964B65C6BD	Script	respond	200	text/javascript	Unknown	False
3127ebd18080400a55c3ad65c6bea691	Resource	8_D209C1B32E8178359D7E0707ECA6F840_CCC16432E81CA21B66CA4B964B65C6BD	Script	respond	200	text/javascript	Unknown	False
c0624208c196f510823313f1fd1b7819	Resource	8_D209C1B32E8178359D7E0707ECA6F840_CCC16432E81CA21B66CA4B964B65C6BD	Script	respond	200	text/javascript	Unknown	False
69cb618a818921eaf65133dd4d016e27	Resource	8_D209C1B32E8178359D7E0707ECA6F840_CCC16432E81CA21B66CA4B964B65C6BD	Script	respond	200	text/javascript	Unknown	False
d3801c26a25dae2a8ba13afd48a99a02	Resource	8_D209C1B32E8178359D7E0707ECA6F840_CCC16432E81CA21B66CA4B964B65C6BD	Script	respond	200	text/javascript	Unknown	False
25cd11aaa985b094e99e6a26b940ab1f	Resource	8_D209C1B32E8178359D7E0707ECA6F840_CCC16432E81CA21B66CA4B964B65C6BD	Script	respond	200	text/javascript	Unknown	False
285ea25420df902156a1f8b760b3d31e	Resource	8_D209C1B32E8178359D7E0707ECA6F840_CCC16432E81CA21B66CA4B964B65C6BD	Script	respond	200	text/javascript	Unknown	False
c1820fe597d587162e3b5f7f2190e55e	Resource	8_D209C1B32E8178359D7E0707ECA6F840_CCC16432E81CA21B66CA4B964B65C6BD	Script	respond	200	text/javascript	Unknown	False
1f7966d56e56e6d3e48b4da5cf09c18c	Resource	8_D209C1B32E8178359D7E0707ECA6F840_CCC16432E81CA21B66CA4B964B65C6BD	Script	respond	200	text/javascript	Unknown	False
aca9ce7e4c941d130aa2d242df1e6629	Resource	8_D209C1B32E8178359D7E0707ECA6F840_CCC16432E81CA21B66CA4B964B65C6BD	Script	respond	200	text/javascript	Unknown	False
dce182bf8ff4e668a92268636e3bb930	Resource	8_D209C1B32E8178359D7E0707ECA6F840_CCC16432E81CA21B66CA4B964B65C6BD	Script	respond	200	text/javascript	Unknown	False
aed959624701d3ea170916c9a9f2b011	Resource	8_D209C1B32E8178359D7E0707ECA6F840_CCC16432E81CA21B66CA4B964B65C6BD	Script	respond	200	text/javascript	Unknown	False
e3243693c2a04398b1436ce10c3c005e	Resource	8_D209C1B32E8178359D7E0707ECA6F840_CCC16432E81CA21B66CA4B964B65C6BD	Script	respond	200	text/javascript	Unknown	False
554c45a82eadc89cee16814cd6cd8138	Resource	8_D209C1B32E8178359D7E0707ECA6F840_CCC16432E81CA21B66CA4B964B65C6BD	Script	respond	200	text/javascript	Unknown	False
5a24c34a1bfc9c820692dd3db177b1c8	Resource	8_D209C1B32E8178359D7E0707ECA6F840_CCC16432E81CA21B66CA4B964B65C6BD	Script	respond	200	text/javascript	Unknown	False
3603d4dec36f6080888956fdebfd13e7	Resource	8_D209C1B32E8178359D7E0707ECA6F840_CCC16432E81CA21B66CA4B964B65C6BD	Script	respond	200	text/javascript	Unknown	False
66b28fe60ab486454afdcc636c0e973b	Resource	8_D209C1B32E8178359D7E0707ECA6F840_CCC16432E81CA21B66CA4B964B65C6BD	Script	respond	200	text/javascript	Unknown	False
dced6e0bfca27f89feaea12bb4d7e7e7	Resource	8_D209C1B32E8178359D7E0707ECA6F840_CCC16432E81CA21B66CA4B964B65C6BD	Script	respond	200	text/javascript	Unknown	False
a870af40a3223b94ede4c534bfd48cc9	Resource	8_D209C1B32E8178359D7E0707ECA6F840_CCC16432E81CA21B66CA4B964B65C6BD	Script	respond	200	text/javascript	Unknown	False
7c796c7ebea7e2d5c7734549d072f3e0	Resource	8_D209C1B32E8178359D7E0707ECA6F840_CCC16432E81CA21B66CA4B964B65C6BD	Script	respond	200	text/javascript	Unknown	False
59116b4c9abb76cc0dd03f9803fb9ec9	Resource	8_D209C1B32E8178359D7E0707ECA6F840_CCC16432E81CA21B66CA4B964B65C6BD	Script	respond	200	text/javascript	Unknown	False
b880f0abf7207cf80f7f5136f945e836	Resource	8_D209C1B32E8178359D7E0707ECA6F840_CCC16432E81CA21B66CA4B964B65C6BD	Script	respond	200	text/javascript	Unknown	False
3f09530bbf9dcd1b9b5665c2ad9919bb	Resource	8_D209C1B32E8178359D7E0707ECA6F840_CCC16432E81CA21B66CA4B964B65C6BD	Script	respond	200	text/javascript	Unknown	False
444d05ddc5c4ab422effb4e2fd41a6f7	Resource	8_D209C1B32E8178359D7E0707ECA6F840_CCC16432E81CA21B66CA4B964B65C6BD	Script	respond	200	text/javascript	Unknown	False
7b385ca66323b73d9853889a0d0d50d5	Resource	8_D209C1B32E8178359D7E0707ECA6F840_CCC16432E81CA21B66CA4B964B65C6BD	Script	respond	200	text/javascript	Unknown	False
72802a5c682dc2e4e029015205c4349b	Resource	8_D209C1B32E8178359D7E0707ECA6F840_CCC16432E81CA21B66CA4B964B65C6BD	Script	respond	200	text/javascript	Unknown	False
a3deb157581393139c509cd8f44cc515	Resource	8_D209C1B32E8178359D7E0707ECA6F840_CCC16432E81CA21B66CA4B964B65C6BD	Script	respond	200	text/javascript	Unknown	False
66e7e2214fac9747405ab58feb3c5cdd	Resource	8_D209C1B32E8178359D7E0707ECA6F840_CCC16432E81CA21B66CA4B964B65C6BD	Script	respond	200	text/javascript	Unknown	False
9312ec252d4242e52debf56b1e5d4345	Resource	8_D209C1B32E8178359D7E0707ECA6F840_CCC16432E81CA21B66CA4B964B65C6BD	Script	respond	200	text/javascript	Unknown	False
4e05d8966d696dfdb4c8e5db390bb689	Resource	8_D209C1B32E8178359D7E0707ECA6F840_CCC16432E81CA21B66CA4B964B65C6BD	Script	respond	200	text/javascript	Unknown	False
a9569b598f9708ec2dc22516a6a8bc0f	Resource	8_D209C1B32E8178359D7E0707ECA6F840_CCC16432E81CA21B66CA4B964B65C6BD	Script	respond	200	text/javascript	Unknown	False
241301a50de8a13f5292d37d8d923e0d	Resource	8_D209C1B32E8178359D7E0707ECA6F840_CCC16432E81CA21B66CA4B964B65C6BD	Script	respond	200	text/javascript	Unknown	False
7bea8c05139232c60ecac7b9f845a0ac	Resource	8_D209C1B32E8178359D7E0707ECA6F840_CCC16432E81CA21B66CA4B964B65C6BD	Script	respond	200	text/javascript	Unknown	False
f11e7cca5f931592c2b125acbb0e0e8f	Resource	8_D209C1B32E8178359D7E0707ECA6F840_CCC16432E81CA21B66CA4B964B65C6BD	Script	respond	200	text/javascript	Unknown	False
51352bb2a162e79d7166a3f787556d03	Resource	8_D209C1B32E8178359D7E0707ECA6F840_CCC16432E81CA21B66CA4B964B65C6BD	Script	respond	200	text/javascript	Unknown	False
0bb6d86613d43e680750e3a2475a32a5	Resource	8_D209C1B32E8178359D7E0707ECA6F840_CCC16432E81CA21B66CA4B964B65C6BD	Script	respond	200	text/javascript	Unknown	False
cd4655fc5106c32f3dbb218e5f681a8c	Resource	8_D209C1B32E8178359D7E0707ECA6F840_CCC16432E81CA21B66CA4B964B65C6BD	Script	respond	200	text/javascript	Unknown	False
82fc9fec39020dc92ed27e2adb015d19	Resource	8_D209C1B32E8178359D7E0707ECA6F840_CCC16432E81CA21B66CA4B964B65C6BD	Script	respond	200	text/javascript	Unknown	False
c0f9e66239ffd267120a29de4777e32b	Resource	8_D209C1B32E8178359D7E0707ECA6F840_CCC16432E81CA21B66CA4B964B65C6BD	Script	respond	200	text/javascript	Unknown	False
267e7c4294379bf31315426b9634e2d3	Resource	8_D209C1B32E8178359D7E0707ECA6F840_CCC16432E81CA21B66CA4B964B65C6BD	Script	respond	200	text/javascript	Unknown	False
3286cd85e692835e7d72ee37b2ff11c0	Resource	8_D209C1B32E8178359D7E0707ECA6F840_CCC16432E81CA21B66CA4B964B65C6BD	Script	respond	200	text/javascript	Unknown	False
58351da4bdd874dcc63a3996885aa58f	Resource	8_D209C1B32E8178359D7E0707ECA6F840_CCC16432E81CA21B66CA4B964B65C6BD	Script	respond	200	text/javascript	Unknown	False
e39bb8ade2606ef0072a7f338db5e098	Resource	8_D209C1B32E8178359D7E0707ECA6F840_CCC16432E81CA21B66CA4B964B65C6BD	Script	respond	200	text/javascript	Unknown	False
75765fc2ee61a068c53a4a410e66c035	Resource	8_D209C1B32E8178359D7E0707ECA6F840_CCC16432E81CA21B66CA4B964B65C6BD	Script	respond	200	text/javascript	Unknown	False
bbb503c9bbb21275c264a107b0d34484	Resource	8_D209C1B32E8178359D7E0707ECA6F840_CCC16432E81CA21B66CA4B964B65C6BD	Script	respond	200	text/javascript	Unknown	False
bb86df2524ce4caee0b6de9d9d16caaa	Resource	8_D209C1B32E8178359D7E0707ECA6F840_CCC16432E81CA21B66CA4B964B65C6BD	Script	respond	200	text/javascript	Unknown	False
38871d8c536ca17d9e3e3627846f8973	Resource	8_D209C1B32E8178359D7E0707ECA6F840_CCC16432E81CA21B66CA4B964B65C6BD	Script	respond	200	text/javascript	Unknown	False
f58b23f52f4bb35c1cc505f62f5011bb	Resource	8_D209C1B32E8178359D7E0707ECA6F840_CCC16432E81CA21B66CA4B964B65C6BD	Script	respond	200	text/javascript	Unknown	False
b04f452b2fedc9cb2de264eb90ffc2c8	Resource	8_D209C1B32E8178359D7E0707ECA6F840_CCC16432E81CA21B66CA4B964B65C6BD	Script	respond	200	text/javascript	Unknown	False
5b5d32d204a7496c0249337eaf0e5a6f	Resource	8_D209C1B32E8178359D7E0707ECA6F840_CCC16432E81CA21B66CA4B964B65C6BD	Script	respond	200	text/javascript	Unknown	False
20d34d1ab1f6aa4bbfeff3e05d07835e	Resource	8_D209C1B32E8178359D7E0707ECA6F840_CCC16432E81CA21B66CA4B964B65C6BD	Script	respond	200	text/javascript	Unknown	False
3db71f4532c9a461fd61cb2c1116f6c1	Resource	8_D209C1B32E8178359D7E0707ECA6F840_CCC16432E81CA21B66CA4B964B65C6BD	Script	respond	200	text/javascript	Unknown	False
41b80b5bef0fb9bb17eb005ae230b927	Resource	8_D209C1B32E8178359D7E0707ECA6F840_CCC16432E81CA21B66CA4B964B65C6BD	Script	respond	200	text/javascript	Unknown	False
5c54ab34481e4fe424190c42ca02dd22	Resource	8_D209C1B32E8178359D7E0707ECA6F840_CCC16432E81CA21B66CA4B964B65C6BD	Script	respond	200	text/javascript	Unknown	False
364ce1fc4254551ae752a398010e4007	Resource	D209C1B32E8178359D7E0707ECA6F840_CCC16432E81CA21B66CA4B964B65C6BD	Frame	respond	200	image/png	Unknown	False
ba325ecb93559bf79751096c1dcf48be	Resource	D209C1B32E8178359D7E0707ECA6F840_CCC16432E81CA21B66CA4B964B65C6BD	Frame	respond	200	image/png	Unknown	False
c9e47c852aa17d312fe943f390215577	Resource	D209C1B32E8178359D7E0707ECA6F840_CCC16432E81CA21B66CA4B964B65C6BD	Frame	respond	200	image/png	Unknown	False
23721fa95ec217a738222af778ba4df2	Resource	D209C1B32E8178359D7E0707ECA6F840_CCC16432E81CA21B66CA4B964B65C6BD	Frame	respond	200	image/gif	Unknown	False
30f03961cc6971669e8d556ae4589ee0	Resource	D209C1B32E8178359D7E0707ECA6F840_CCC16432E81CA21B66CA4B964B65C6BD	Frame	respond	200	image/png	Unknown	False
c55dc3b5b6dcf364ae2439ab739edb66	Resource	D209C1B32E8178359D7E0707ECA6F840_CCC16432E81CA21B66CA4B964B65C6BD	Frame	respond	200	image/x-icon	Unknown	False
5dcb46361e5c8118f69edb96d3cd8aed	Resource	8_D209C1B32E8178359D7E0707ECA6F840_CCC16432E81CA21B66CA4B964B65C6BD	Script	respond	200	text/javascript	Unknown	False
fefa7ba13dd2482143280c629cf67cdc	Resource	8_D209C1B32E8178359D7E0707ECA6F840_CCC16432E81CA21B66CA4B964B65C6BD	Script	respond	200	text/javascript	Unknown	False
5cc7de0fe1ed21580168cb5e53d8e8c3	Resource	8_D209C1B32E8178359D7E0707ECA6F840_CCC16432E81CA21B66CA4B964B65C6BD	Script	respond	200	text/javascript	Unknown	False
9fef600e6ef31dfc4b1e456d58084920	Resource	8_D209C1B32E8178359D7E0707ECA6F840_CCC16432E81CA21B66CA4B964B65C6BD	Script	respond	200	text/javascript	Unknown	False
687f8a8ff971865f5609cdad419f6753	Resource	8_D209C1B32E8178359D7E0707ECA6F840_CCC16432E81CA21B66CA4B964B65C6BD	Script	respond	200	text/javascript	Unknown	False
309668ccdfa63e68bd019c1441b1686e	Resource	8_D209C1B32E8178359D7E0707ECA6F840_CCC16432E81CA21B66CA4B964B65C6BD	Script	respond	200	text/javascript	Unknown	False
24eeff7bff526145970d3e7bfd6d592c	Resource	8_D209C1B32E8178359D7E0707ECA6F840_CCC16432E81CA21B66CA4B964B65C6BD	Script	respond	200	text/javascript	Unknown	False
e18e547c9d0cf099fe55ec86a7b4ab93	Resource	8_D209C1B32E8178359D7E0707ECA6F840_CCC16432E81CA21B66CA4B964B65C6BD	Script	respond	200	text/javascript	Unknown	False
4cce65db48b58e53b70d1ba7376c08fc	Resource	8_D209C1B32E8178359D7E0707ECA6F840_CCC16432E81CA21B66CA4B964B65C6BD	Script	respond	200	text/javascript	Unknown	False
b7415b37f152f0a946d4259083a83cf6	Resource	8_D209C1B32E8178359D7E0707ECA6F840_CCC16432E81CA21B66CA4B964B65C6BD	Script	respond	200	text/javascript	Unknown	False
3f54172e3dc4323b192ccc04aeb9d1e8	Resource	8_D209C1B32E8178359D7E0707ECA6F840_CCC16432E81CA21B66CA4B964B65C6BD	Script	respond	200	text/javascript	Unknown	False
96a43d88c3976b4f0ea1ead78660ccb6	Resource	8_D209C1B32E8178359D7E0707ECA6F840_CCC16432E81CA21B66CA4B964B65C6BD	Script	respond	200	text/javascript	Unknown	False
8d45499af3be64faf1427f6710a0f78b	Resource	8_D209C1B32E8178359D7E0707ECA6F840_CCC16432E81CA21B66CA4B964B65C6BD	Script	respond	200	text/javascript	Unknown	False
49c5622fed38fdb60ce7c5c04d5da500	Resource	8_D209C1B32E8178359D7E0707ECA6F840_CCC16432E81CA21B66CA4B964B65C6BD	Script	respond	200	text/javascript	Unknown	False
add42040e01a0124b608ac5cdf567912	Resource	8_D209C1B32E8178359D7E0707ECA6F840_CCC16432E81CA21B66CA4B964B65C6BD	Script	respond	200	text/javascript	Unknown	False
26adf10457d027f4436ac490915adc77	Resource	8_D209C1B32E8178359D7E0707ECA6F840_CCC16432E81CA21B66CA4B964B65C6BD	Script	respond	200	text/javascript	Unknown	False
0486b502270cfc6683f6626b96c48764	Resource	8_D209C1B32E8178359D7E0707ECA6F840_CCC16432E81CA21B66CA4B964B65C6BD	Script	respond	200	text/javascript	Unknown	False
01010616e526d27fc5a31ed48acbdc3a	Resource	8_D209C1B32E8178359D7E0707ECA6F840_CCC16432E81CA21B66CA4B964B65C6BD	Script	respond	200	text/javascript	Unknown	False
f7ddb8f277ed36922aea3f91d172d156	Resource	8_D209C1B32E8178359D7E0707ECA6F840_CCC16432E81CA21B66CA4B964B65C6BD	Script	respond	200	text/javascript	Unknown	False
66dbf542b4b2ce45980f3c2811e7ca50	Resource	8_D209C1B32E8178359D7E0707ECA6F840_CCC16432E81CA21B66CA4B964B65C6BD	Script	respond	200	text/javascript	Unknown	False
0716cb32c499c17990c719a0d969c253	Resource	8_D209C1B32E8178359D7E0707ECA6F840_CCC16432E81CA21B66CA4B964B65C6BD	Script	respond	200	text/javascript	Unknown	False
be99902aea38bc9c5e903fcc3b4dbdb4	Resource	8_D209C1B32E8178359D7E0707ECA6F840_CCC16432E81CA21B66CA4B964B65C6BD	Script	respond	200	text/javascript	Unknown	False
f210803a1ccd7fd621084761c0a4aaef	Resource	8_D209C1B32E8178359D7E0707ECA6F840_CCC16432E81CA21B66CA4B964B65C6BD	Script	respond	200	text/javascript	Unknown	False
1c67b9014414a06e1f48962f5081dab8	Resource	8_D209C1B32E8178359D7E0707ECA6F840_CCC16432E81CA21B66CA4B964B65C6BD	Script	respond	200	text/javascript	Unknown	False
3a0e4b359642b84974aa4ce7e524a9cc	Resource	8_D209C1B32E8178359D7E0707ECA6F840_CCC16432E81CA21B66CA4B964B65C6BD	Script	respond	200	text/javascript	Unknown	False
3ffed915b9296105a3dc699c798c6177	Resource	8_D209C1B32E8178359D7E0707ECA6F840_CCC16432E81CA21B66CA4B964B65C6BD	Script	respond	200	text/javascript	Unknown	False
d2d5ddbd494515e164da83ab48ca2351	Resource	8_D209C1B32E8178359D7E0707ECA6F840_CCC16432E81CA21B66CA4B964B65C6BD	Script	respond	200	text/javascript	Unknown	False
0b4200ea8836224d82e086a80442daf0	Resource	8_D209C1B32E8178359D7E0707ECA6F840_CCC16432E81CA21B66CA4B964B65C6BD	Script	respond	200	text/javascript	Unknown	False
76ed80863d7014f6aebbe9b28b2c92d2	Resource	8_D209C1B32E8178359D7E0707ECA6F840_CCC16432E81CA21B66CA4B964B65C6BD	Script	respond	200	text/javascript	Unknown	False
aa0482dd5647b5f83e2ba35e5e76d63a	Resource	8_D209C1B32E8178359D7E0707ECA6F840_CCC16432E81CA21B66CA4B964B65C6BD	Script	respond	200	text/javascript	Unknown	False
364d2c3f1d29e80c94e456cc55786f0d	Resource	8_D209C1B32E8178359D7E0707ECA6F840_CCC16432E81CA21B66CA4B964B65C6BD	Script	respond	200	text/javascript	Unknown	False
cc1aa99cb39bc39cd51d2aa2df1fe485	Resource	8_D209C1B32E8178359D7E0707ECA6F840_CCC16432E81CA21B66CA4B964B65C6BD	Script	respond	200	text/javascript	Unknown	False
e5f7cc6058c40e9d9487aaad7bb870bf	Resource	8_D209C1B32E8178359D7E0707ECA6F840_CCC16432E81CA21B66CA4B964B65C6BD	Script	respond	200	text/javascript	Unknown	False
fb1f000a24299ad30e465a7e21c0437a	Resource	8_D209C1B32E8178359D7E0707ECA6F840_CCC16432E81CA21B66CA4B964B65C6BD	Script	respond	200	text/javascript	Unknown	False
7a1c0c04cc69800e94c917c88b0a3485	Resource	8_D209C1B32E8178359D7E0707ECA6F840_CCC16432E81CA21B66CA4B964B65C6BD	Script	respond	200	text/javascript	Unknown	False
7a877c62d9a3ed52a77b850027389857	Resource	8_D209C1B32E8178359D7E0707ECA6F840_CCC16432E81CA21B66CA4B964B65C6BD	Script	respond	200	text/javascript	Unknown	False
6b8a186ff556041d26ebdb562c962d7c	Resource	8_D209C1B32E8178359D7E0707ECA6F840_CCC16432E81CA21B66CA4B964B65C6BD	Script	respond	200	text/javascript	Unknown	False
2375fa03d6f6cd57c1a6d71f97f76bcf	Resource	8_D209C1B32E8178359D7E0707ECA6F840_CCC16432E81CA21B66CA4B964B65C6BD	Script	respond	200	text/javascript	Unknown	False
8ec8cbe2c156e8491a21350c991ddd12	Resource	8_D209C1B32E8178359D7E0707ECA6F840_CCC16432E81CA21B66CA4B964B65C6BD	Script	respond	200	text/javascript	Unknown	False
86f1a0befdb6cbeac7a3b80cfb47f51f	Resource	8_D209C1B32E8178359D7E0707ECA6F840_CCC16432E81CA21B66CA4B964B65C6BD	Script	respond	200	text/javascript	Unknown	False
c85ecdcf40b773915ac9ca3e66df9787	Resource	8_D209C1B32E8178359D7E0707ECA6F840_CCC16432E81CA21B66CA4B964B65C6BD	Script	respond	200	text/javascript	Unknown	False
1b70cb0d96b6e6d5e3987242f3fc5b36	Resource	8_D209C1B32E8178359D7E0707ECA6F840_CCC16432E81CA21B66CA4B964B65C6BD	Script	respond	200	text/javascript	Unknown	False
4628910cd28d32bdf1b3df548b96db18	Resource	8_D209C1B32E8178359D7E0707ECA6F840_CCC16432E81CA21B66CA4B964B65C6BD	Script	respond	200	text/javascript	Unknown	False
93b26a62915dab9fffa766dce7576679	Resource	8_D209C1B32E8178359D7E0707ECA6F840_CCC16432E81CA21B66CA4B964B65C6BD	Script	respond	200	text/javascript	Unknown	False
0c21600ed219a2492c2bbdc8cf952e7d	Resource	8_D209C1B32E8178359D7E0707ECA6F840_CCC16432E81CA21B66CA4B964B65C6BD	Script	respond	200	text/javascript	Unknown	False
9253097c3598cae68525a1a177a2094f	Resource	8_D209C1B32E8178359D7E0707ECA6F840_CCC16432E81CA21B66CA4B964B65C6BD	Script	respond	200	text/javascript	Unknown	False
a4ab88a28ee406d381202991f0faa289	Resource	8_D209C1B32E8178359D7E0707ECA6F840_CCC16432E81CA21B66CA4B964B65C6BD	Script	respond	200	text/javascript	Unknown	False
a7f339178c79c40b709935b90a6774f1	Resource	8_D209C1B32E8178359D7E0707ECA6F840_CCC16432E81CA21B66CA4B964B65C6BD	Script	respond	200	text/javascript	Unknown	False
bdd59f35a37b989226a08d170b763f6a	Resource	89_D209C1B32E8178359D7E0707ECA6F840_72DFC953581E8BA613D4BA55E04B9701	Script	respond	200	text/html	Unknown	False
cbe3e210071e22c6ee51a448b0089a4e	Resource	D209C1B32E8178359D7E0707ECA6F840_72DFC953581E8BA613D4BA55E04B9701	Frame	respond	200	text/javascript	Unknown	False
7fed9be11bf1627e4f29781f23da2adf	Resource	15_D209C1B32E8178359D7E0707ECA6F840_72DFC953581E8BA613D4BA55E04B9701	Script	respond	200	text/javascript	Unknown	False
7e205c235bdb1d9004a17a7dfa86cb5d	Resource	D209C1B32E8178359D7E0707ECA6F840_72DFC953581E8BA613D4BA55E04B9701	Frame	respond	200	font/woff2	Unknown	False
32dc5148036c92fe0f19bbd15c4ae517	Resource	15_D209C1B32E8178359D7E0707ECA6F840_72DFC953581E8BA613D4BA55E04B9701	Script	respond	200	text/javascript	Unknown	False
492aeaaf36ea644298b5f63f6b6e45e9	Resource	15_D209C1B32E8178359D7E0707ECA6F840_72DFC953581E8BA613D4BA55E04B9701	Script	respond	200	text/javascript	Unknown	False
421680235f62e9ec03e09a3a0e9e2aaa	Resource	15_D209C1B32E8178359D7E0707ECA6F840_72DFC953581E8BA613D4BA55E04B9701	Script	respond	200	text/javascript	Unknown	False
d9511391a4cac56a30a49ce15967d148	Resource	15_D209C1B32E8178359D7E0707ECA6F840_72DFC953581E8BA613D4BA55E04B9701	Script	respond	200	text/javascript	Unknown	False
42701f7900d9c60b67ba407aaffa3b5c	Resource	15_D209C1B32E8178359D7E0707ECA6F840_72DFC953581E8BA613D4BA55E04B9701	Script	respond	200	text/javascript	Unknown	False
1061c2e404729d62b7d2cd71ee0eafee	Resource	15_D209C1B32E8178359D7E0707ECA6F840_72DFC953581E8BA613D4BA55E04B9701	Script	respond	200	text/javascript	Unknown	False
7989d1d6d3bae8e588f1bbe5048728f6	Resource	15_D209C1B32E8178359D7E0707ECA6F840_72DFC953581E8BA613D4BA55E04B9701	Script	respond	200	text/javascript	Unknown	False
3ba814853eba58549e8714c2ed4b8bbf	Resource	36_61DE3D5C9A9DC4080E01C1E69A1892A0_EB7DC25756EA58B976D9D6FA25352FE1	Script	respond	200	text/html	Unknown	False
672c056618a15985ef61466a183d4df3	Resource	15_A55EA187C6076FAAC59FC4771972DBAA_22E87508A2CFBFDBD7267F997B318E54	Script	respond	200	text/html	Unknown	False
03f70c3e68883202ea7a09f9e426183a	Resource	15_D209C1B32E8178359D7E0707ECA6F840_72DFC953581E8BA613D4BA55E04B9701	Script	respond	200	application/json	Unknown	False
0714c22b81a37b9db3c064b0b8cdbc46	Resource	D209C1B32E8178359D7E0707ECA6F840_72DFC953581E8BA613D4BA55E04B9701	Frame	respond	204	text/plain	Unknown	False
318afd562d48914eab88171cfe2e13fc	Resource	15_D209C1B32E8178359D7E0707ECA6F840_72DFC953581E8BA613D4BA55E04B9701	Script	respond	200	text/javascript	Unknown	False
4f7d6cfffdd6e02ae401a09acae48e7e	Resource	29_D209C1B32E8178359D7E0707ECA6F840_72DFC953581E8BA613D4BA55E04B9701	Script	respond	200	text/plain	Unknown	False
fad11c429f97618dc211c5105f3b1ee2	Resource	1EF4D093AF9F9E5230897A64CEA0B3C6_46E139A00111FBB8F194ECC5BEE216C5	Frame	respond	404	text/html	Unknown	False
0ead46681ca304d665a2441dc2d864e6	Resource	10_1EF4D093AF9F9E5230897A64CEA0B3C6_46E139A00111FBB8F194ECC5BEE216C5	Script	respond	200	application/json	Unknown	False
19e11e6f3de559d3fa2b3e2a11a6b6c3	Resource	1EF4D093AF9F9E5230897A64CEA0B3C6_46E139A00111FBB8F194ECC5BEE216C5	Frame	respond	200	image/gif	Unknown	False
603f6c25297f2d3647fefc65e100c7c5	Resource	1EF4D093AF9F9E5230897A64CEA0B3C6_46E139A00111FBB8F194ECC5BEE216C5	Frame	respond	200	image/gif	Unknown	False
b765607ca84a6c86dba6e4b3cf39866c	Resource	1EF4D093AF9F9E5230897A64CEA0B3C6_46E139A00111FBB8F194ECC5BEE216C5	Frame	respond	200	image/gif	Unknown	False
367554e10a23c23a210dc32dfdf54b29	Resource	1EF4D093AF9F9E5230897A64CEA0B3C6_46E139A00111FBB8F194ECC5BEE216C5	Frame	respond	200	image/gif	Unknown	False
911bd0033a7b954fcc708e33386f5a8d	Resource	1EF4D093AF9F9E5230897A64CEA0B3C6_46E139A00111FBB8F194ECC5BEE216C5	Frame	respond	200	image/gif	Unknown	False
76576fa68452c586d31e333f2e09f979	Resource	1EF4D093AF9F9E5230897A64CEA0B3C6_46E139A00111FBB8F194ECC5BEE216C5	Frame	respond	200	image/gif	Unknown	False
84c107efbec95752451652771c93d8c9	Resource	1EF4D093AF9F9E5230897A64CEA0B3C6_46E139A00111FBB8F194ECC5BEE216C5	Frame	respond	200	image/gif	Unknown	False
8f411b5eacb1c5ce44353d600996ae6a	Resource	1EF4D093AF9F9E5230897A64CEA0B3C6_46E139A00111FBB8F194ECC5BEE216C5	Frame	respond	200	image/gif	Unknown	False
56690d1d25e0742a0373965b41d8d54a	Resource	1EF4D093AF9F9E5230897A64CEA0B3C6_46E139A00111FBB8F194ECC5BEE216C5	Frame	respond	200	image/gif	Unknown	False
f3204fedd2d52e25eafa40ef0a0fbd4a	Resource	1EF4D093AF9F9E5230897A64CEA0B3C6_46E139A00111FBB8F194ECC5BEE216C5	Frame	respond	200	image/gif	Unknown	False
f7fe8e267bd38ea8c7653d3060c87050	Resource	1EF4D093AF9F9E5230897A64CEA0B3C6_46E139A00111FBB8F194ECC5BEE216C5	Frame	respond	200	image/gif	Unknown	False
240d85599d80dbcaa90c4e058ba96c31	Resource	1EF4D093AF9F9E5230897A64CEA0B3C6_46E139A00111FBB8F194ECC5BEE216C5	Frame	respond	200	image/gif	Unknown	False
9a06f6c14d7f4827c6d605be9714bd46	Resource	1EF4D093AF9F9E5230897A64CEA0B3C6_46E139A00111FBB8F194ECC5BEE216C5	Frame	respond	200	image/jpeg	Unknown	False
2506029c25a84310b5983bda10daf51e	Resource	1EF4D093AF9F9E5230897A64CEA0B3C6_46E139A00111FBB8F194ECC5BEE216C5	Frame	respond	200	image/png	Unknown	False
4900bf50d16b2c796432ba994494c426	Resource	1EF4D093AF9F9E5230897A64CEA0B3C6_46E139A00111FBB8F194ECC5BEE216C5	Frame	respond	200	image/png	Unknown	False
ca49896ef8dfd35ece939401e6323556	Resource	1EF4D093AF9F9E5230897A64CEA0B3C6_46E139A00111FBB8F194ECC5BEE216C5	Frame	respond	200	image/png	Unknown	False
df5407a374b4fa847f1e87f23f825ad5	Resource	1EF4D093AF9F9E5230897A64CEA0B3C6_46E139A00111FBB8F194ECC5BEE216C5	Frame	respond	200	image/png	Unknown	False
708df7405e2418c6feba8005f30b3095	Resource	5_1EF4D093AF9F9E5230897A64CEA0B3C6_46E139A00111FBB8F194ECC5BEE216C5	Script	respond	200	application/json	Unknown	False
c89021f342c460d96d7d05c8b20a9f15	Resource	1EF4D093AF9F9E5230897A64CEA0B3C6_46E139A00111FBB8F194ECC5BEE216C5	Frame	respond	200	image/gif	Unknown	False
b599673c4783eeebe043370cb39a077c	Resource	1EF4D093AF9F9E5230897A64CEA0B3C6_46E139A00111FBB8F194ECC5BEE216C5	Frame	respond	200	image/gif	Unknown	False
c94a7558b76b8bed191f84257f59156e	Resource	1EF4D093AF9F9E5230897A64CEA0B3C6_46E139A00111FBB8F194ECC5BEE216C5	Frame	respond	200	image/png	Unknown	False
ee7e08ca124172a698fba665f467b071	Resource	1EF4D093AF9F9E5230897A64CEA0B3C6_46E139A00111FBB8F194ECC5BEE216C5	Frame	respond	200	image/png	Unknown	False
1030afe93c19b6613821c92f1a29f6c0	Resource	1EF4D093AF9F9E5230897A64CEA0B3C6_46E139A00111FBB8F194ECC5BEE216C5	Frame	respond	200	image/png	Unknown	False
d4fafa771c0d569ecba232911b86fd94	Resource	5_1EF4D093AF9F9E5230897A64CEA0B3C6_46E139A00111FBB8F194ECC5BEE216C5	Script	respond	200	application/json	Unknown	False
e622e3828246a041afe74ad8a02b6d2a	Resource	1EF4D093AF9F9E5230897A64CEA0B3C6_46E139A00111FBB8F194ECC5BEE216C5	Frame	respond	200	image/png	Unknown	False
f2d678291370a17141d63c957651dc04	Resource	1EF4D093AF9F9E5230897A64CEA0B3C6_46E139A00111FBB8F194ECC5BEE216C5	Frame	respond	200	image/png	Unknown	False
7fa981d825c5f5665da59d2b16fd6b70	Resource	1EF4D093AF9F9E5230897A64CEA0B3C6_46E139A00111FBB8F194ECC5BEE216C5	Frame	respond	200	image/png	Unknown	False
6ad549753a7eb09f6053c62e8e74a7e3	Resource	10_1EF4D093AF9F9E5230897A64CEA0B3C6_46E139A00111FBB8F194ECC5BEE216C5	Script	respond	200	application/json	Unknown	False
36d9973249dc96ab01ac4fcb77b4c323	Resource	1EF4D093AF9F9E5230897A64CEA0B3C6_46E139A00111FBB8F194ECC5BEE216C5	Frame	respond	200	image/gif	Unknown	False
151abb9c3bc55ee52366b74bb308f991	Resource	1EF4D093AF9F9E5230897A64CEA0B3C6_46E139A00111FBB8F194ECC5BEE216C5	Frame	respond	200	image/gif	Unknown	False
36508d2e9d8aa83925d99256c659aee6	Resource	1EF4D093AF9F9E5230897A64CEA0B3C6_46E139A00111FBB8F194ECC5BEE216C5	Frame	respond	200	image/gif	Unknown	False
1517b163d876da804681a56f12f5e290	Resource	1EF4D093AF9F9E5230897A64CEA0B3C6_46E139A00111FBB8F194ECC5BEE216C5	Frame	respond	200	image/gif	Unknown	False
8161d8f3c28ea32712f04375b3d693d2	Resource	1EF4D093AF9F9E5230897A64CEA0B3C6_46E139A00111FBB8F194ECC5BEE216C5	Frame	respond	200	image/gif	Unknown	False
2b3bb2e39555bf36721ca931103ed3e7	Resource	1EF4D093AF9F9E5230897A64CEA0B3C6_46E139A00111FBB8F194ECC5BEE216C5	Frame	respond	200	image/gif	Unknown	False
a005615fa96fe07048e92f6320e1bac1	Resource	1EF4D093AF9F9E5230897A64CEA0B3C6_46E139A00111FBB8F194ECC5BEE216C5	Frame	respond	200	image/gif	Unknown	False
7695f00f3162b322fa93d65dc78f82fc	Resource	1EF4D093AF9F9E5230897A64CEA0B3C6_46E139A00111FBB8F194ECC5BEE216C5	Frame	respond	200	image/gif	Unknown	False
2bc0eec1856775669d87644befbbe446	Resource	1EF4D093AF9F9E5230897A64CEA0B3C6_46E139A00111FBB8F194ECC5BEE216C5	Frame	respond	200	image/gif	Unknown	False
1eda29a602bd0db5ea673820846abba4	Resource	1EF4D093AF9F9E5230897A64CEA0B3C6_46E139A00111FBB8F194ECC5BEE216C5	Frame	respond	200	image/gif	Unknown	False
5c5efcf8e8b50efb8b9f9cc776930bb6	Resource	1EF4D093AF9F9E5230897A64CEA0B3C6_46E139A00111FBB8F194ECC5BEE216C5	Frame	respond	200	image/gif	Unknown	False
1556d13a01f74a41171d8a678c176ff1	Resource	1EF4D093AF9F9E5230897A64CEA0B3C6_46E139A00111FBB8F194ECC5BEE216C5	Frame	respond	200	image/gif	Unknown	False
b846d67228bdf54f67ac01a1ddb20b5a	Resource	1EF4D093AF9F9E5230897A64CEA0B3C6_46E139A00111FBB8F194ECC5BEE216C5	Frame	respond	200	image/gif	Unknown	False
97a3c794f916f9b3e35d687fee2298e0	Resource	1EF4D093AF9F9E5230897A64CEA0B3C6_46E139A00111FBB8F194ECC5BEE216C5	Frame	respond	200	image/gif	Unknown	False
55ee5fc4f2273dbab632a2986028d066	Resource	1EF4D093AF9F9E5230897A64CEA0B3C6_46E139A00111FBB8F194ECC5BEE216C5	Frame	respond	200	image/gif	Unknown	False
6163c22546559860efd0b70f5ebabc27	Resource	1EF4D093AF9F9E5230897A64CEA0B3C6_46E139A00111FBB8F194ECC5BEE216C5	Frame	respond	200	image/gif	Unknown	False
f53208e6be702488f5029037e400412c	Resource	1EF4D093AF9F9E5230897A64CEA0B3C6_46E139A00111FBB8F194ECC5BEE216C5	Frame	respond	200	image/gif	Unknown	False
870efad53cabd81e0a295570c2565ca1	Resource	1EF4D093AF9F9E5230897A64CEA0B3C6_46E139A00111FBB8F194ECC5BEE216C5	Frame	respond	200	image/gif	Unknown	False
5d6978bd09dec17484008e92febfbcb3	Resource	5_1EF4D093AF9F9E5230897A64CEA0B3C6_46E139A00111FBB8F194ECC5BEE216C5	Script	respond	200	application/json	Unknown	False
f9cbb1ecc8df1a57830b0f4ca56e15b9	Resource	1EF4D093AF9F9E5230897A64CEA0B3C6_46E139A00111FBB8F194ECC5BEE216C5	Frame	respond	200	image/gif	Unknown	False
05243ce0af75d2e40c5c6fa2ea3fe68f	Resource	1EF4D093AF9F9E5230897A64CEA0B3C6_46E139A00111FBB8F194ECC5BEE216C5	Frame	respond	200	image/gif	Unknown	False
5c0a21938244266fad78d54e3d89e706	Resource	5_1EF4D093AF9F9E5230897A64CEA0B3C6_46E139A00111FBB8F194ECC5BEE216C5	Script	respond	200	application/json	Unknown	False
1b19d846031da38f9c8d3281142ef47d	Resource	1EF4D093AF9F9E5230897A64CEA0B3C6_46E139A00111FBB8F194ECC5BEE216C5	Frame	respond	200	image/png	Unknown	False
19cdd396888b428edf6ceb249faea9f2	Resource	1EF4D093AF9F9E5230897A64CEA0B3C6_46E139A00111FBB8F194ECC5BEE216C5	Frame	respond	200	image/gif	Unknown	False
dd643e5732e7443919047749c6c509ed	Resource	5_1EF4D093AF9F9E5230897A64CEA0B3C6_46E139A00111FBB8F194ECC5BEE216C5	Script	respond	200	application/json	Unknown	False
749f147728898ceaeca4a2962bfefe6e	Resource	5_1EF4D093AF9F9E5230897A64CEA0B3C6_46E139A00111FBB8F194ECC5BEE216C5	Script	respond	200	application/json	Unknown	False
8c7022379fc0b2eddd864a396cd63d24	Resource	5_1EF4D093AF9F9E5230897A64CEA0B3C6_46E139A00111FBB8F194ECC5BEE216C5	Script	respond	200	application/json	Unknown	False
c7420fc0ecfbef5b20f15a08bc639c66	Resource	5_1EF4D093AF9F9E5230897A64CEA0B3C6_46E139A00111FBB8F194ECC5BEE216C5	Script	respond	200	application/json	Unknown	False
67949be521123d287bd80df0728421da	Resource	1EF4D093AF9F9E5230897A64CEA0B3C6_46E139A00111FBB8F194ECC5BEE216C5	Frame	respond	200	image/gif	Unknown	False
bdf74b280a1959100bbdf7e94c05ec62	Resource	5_1EF4D093AF9F9E5230897A64CEA0B3C6_46E139A00111FBB8F194ECC5BEE216C5	Script	respond	200	text/html	Unknown	False
77088f8afad199fc3f59d28262aa65e8	Resource	1EF4D093AF9F9E5230897A64CEA0B3C6_46E139A00111FBB8F194ECC5BEE216C5	Frame	respond	200	image/gif	Unknown	False
e4acc72a99a92ae90de134a66f5f3c7d	Resource	1EF4D093AF9F9E5230897A64CEA0B3C6_46E139A00111FBB8F194ECC5BEE216C5	Frame	respond	200	image/gif	Unknown	False
7c0be11b6acac1dacd13628411cd489d	Resource	5_1EF4D093AF9F9E5230897A64CEA0B3C6_46E139A00111FBB8F194ECC5BEE216C5	Script	respond	200	application/json	Unknown	False
9d19e5d1c7d4e7cb52df8e2dac60585a	Resource	5_1EF4D093AF9F9E5230897A64CEA0B3C6_46E139A00111FBB8F194ECC5BEE216C5	Script	respond	200	application/json	Unknown	False
ca3e266f17a0dc9f4e11d6038bb639fb	Resource	5_1EF4D093AF9F9E5230897A64CEA0B3C6_46E139A00111FBB8F194ECC5BEE216C5	Script	respond	200	application/json	Unknown	False
34cf22c44d49335b1ff430963ac55ed2	Resource	5_1EF4D093AF9F9E5230897A64CEA0B3C6_46E139A00111FBB8F194ECC5BEE216C5	Script	respond	200	application/json	Unknown	False
ec75d50bab9f1f635fb944ec25ccd538	Resource	5_1EF4D093AF9F9E5230897A64CEA0B3C6_46E139A00111FBB8F194ECC5BEE216C5	Script	respond	200	application/json	Unknown	False
8aa2ffcf999b81607c44f60faf4633f3	Resource	5_1EF4D093AF9F9E5230897A64CEA0B3C6_46E139A00111FBB8F194ECC5BEE216C5	Script	respond	200	application/json	Unknown	False
4f0fe4c806bfb62fdd132199dab1b9ff	Resource	5_1EF4D093AF9F9E5230897A64CEA0B3C6_46E139A00111FBB8F194ECC5BEE216C5	Script	respond	200	application/json	Unknown	False
0db2ae4d7d99b48b309900c357c74355	Resource	89_32264055383193660C247556D49C1017_D486F370A3EB380AC5CBD32BB74F51CC	Script	respond	200	text/html	Unknown	False
1bd0bb562d14d9649268bc8c1179d0dc	Resource	32264055383193660C247556D49C1017_D486F370A3EB380AC5CBD32BB74F51CC	Frame	respond	200	text/javascript	Unknown	False
8adde7aa0b169a7358f18551836bd285	Resource	335_32264055383193660C247556D49C1017_D486F370A3EB380AC5CBD32BB74F51CC	Script	respond	200	text/javascript	Unknown	False
a610a622d240ad2cf1b400347771012d	Resource	335_32264055383193660C247556D49C1017_D486F370A3EB380AC5CBD32BB74F51CC	Script	respond	200	text/javascript	Unknown	False
9cfd6b95985409905edac4c33adf72a2	Resource	335_32264055383193660C247556D49C1017_D486F370A3EB380AC5CBD32BB74F51CC	Script	respond	200	text/javascript	Unknown	False
9d48627617d18541993fce65449bbcc0	Resource	335_32264055383193660C247556D49C1017_D486F370A3EB380AC5CBD32BB74F51CC	Script	respond	200	text/javascript	Unknown	False
7c2106a4c29a99eb9bf0835fbffc1349	Resource	335_32264055383193660C247556D49C1017_D486F370A3EB380AC5CBD32BB74F51CC	Script	respond	200	text/javascript	Unknown	False
fe99742b193d0a7402c96e4f9d7faf72	Resource	335_32264055383193660C247556D49C1017_D486F370A3EB380AC5CBD32BB74F51CC	Script	respond	200	text/javascript	Unknown	False
c56c20d45de0fd12d6a2042aba37a17a	Resource	335_32264055383193660C247556D49C1017_D486F370A3EB380AC5CBD32BB74F51CC	Script	respond	200	text/javascript	Unknown	False
8dc8b95a032617b6e01b90fa2f1c8820	Resource	335_32264055383193660C247556D49C1017_D486F370A3EB380AC5CBD32BB74F51CC	Script	respond	200	text/javascript	Unknown	False
c976608b889999ab258e7fd7ebb937ef	Resource	335_32264055383193660C247556D49C1017_D486F370A3EB380AC5CBD32BB74F51CC	Script	respond	200	text/javascript	Unknown	False
a713d0dc5c14a6ebe4466e63da8d693c	Resource	335_32264055383193660C247556D49C1017_D486F370A3EB380AC5CBD32BB74F51CC	Script	respond	200	text/javascript	Unknown	False
b3b28b5654821129d3a15765a87c6350	Resource	335_32264055383193660C247556D49C1017_D486F370A3EB380AC5CBD32BB74F51CC	Script	respond	200	text/javascript	Unknown	False
003fa79e10fa8cdfe4bd6b674e476aae	Resource	335_32264055383193660C247556D49C1017_D486F370A3EB380AC5CBD32BB74F51CC	Script	respond	200	text/javascript	Unknown	False
ca3b9c6e73dc5e364b686467eac94947	Resource	335_32264055383193660C247556D49C1017_D486F370A3EB380AC5CBD32BB74F51CC	Script	respond	200	text/javascript	Unknown	False
d11180da83b928afee570ad9677977d2	Resource	335_32264055383193660C247556D49C1017_D486F370A3EB380AC5CBD32BB74F51CC	Script	respond	200	text/javascript	Unknown	False
ae4486cf14f5d34e7908aec0fa741232	Resource	335_32264055383193660C247556D49C1017_D486F370A3EB380AC5CBD32BB74F51CC	Script	respond	200	text/javascript	Unknown	False
aa5698cda686e0af44346247a514105f	Resource	335_32264055383193660C247556D49C1017_D486F370A3EB380AC5CBD32BB74F51CC	Script	respond	200	text/javascript	Unknown	False
d3057eae7051ab935e3e1e578b29b94e	Resource	335_32264055383193660C247556D49C1017_D486F370A3EB380AC5CBD32BB74F51CC	Script	respond	200	text/javascript	Unknown	False
600cb332aa07fcef05813f6cc62434b6	Resource	335_32264055383193660C247556D49C1017_D486F370A3EB380AC5CBD32BB74F51CC	Script	respond	200	text/javascript	Unknown	False
f7560a034a78403be12f8a1e55766502	Resource	335_32264055383193660C247556D49C1017_D486F370A3EB380AC5CBD32BB74F51CC	Script	respond	200	text/javascript	Unknown	False
fa442a777af020688e4f52845668f494	Resource	335_32264055383193660C247556D49C1017_D486F370A3EB380AC5CBD32BB74F51CC	Script	respond	200	text/javascript	Unknown	False
581b7e58ff36e63a19e29eb65af54f8e	Resource	335_32264055383193660C247556D49C1017_D486F370A3EB380AC5CBD32BB74F51CC	Script	respond	200	text/javascript	Unknown	False
3920ca28d65ec9cdfc123af2ee1cdcd8	Resource	335_32264055383193660C247556D49C1017_D486F370A3EB380AC5CBD32BB74F51CC	Script	respond	200	text/javascript	Unknown	False
5f42368e67f71a8875fb2ddb18d2901e	Resource	335_32264055383193660C247556D49C1017_D486F370A3EB380AC5CBD32BB74F51CC	Script	respond	200	text/javascript	Unknown	False
508671729b65f4e3cac128f1bab29c90	Resource	335_32264055383193660C247556D49C1017_D486F370A3EB380AC5CBD32BB74F51CC	Script	respond	200	text/javascript	Unknown	False
6677bf3c9e892cba2702ed75aa335666	Resource	335_32264055383193660C247556D49C1017_D486F370A3EB380AC5CBD32BB74F51CC	Script	respond	200	text/javascript	Unknown	False
abfe03ade90e328fe4e645ad1fe3dae2	Resource	B349D8FDD740E715D0F0FA9D16F0179D_39082A2C77BEE2D8E1AA00FCF45CEAD2	Frame	respond	200	text/javascript	Unknown	False
56a926e06078d9f56fe21291e5d8e06b	Resource	B349D8FDD740E715D0F0FA9D16F0179D_39082A2C77BEE2D8E1AA00FCF45CEAD2	Frame	respond	200	text/javascript	Unknown	False
798574669250ce32fea158c0ef6271bc	Resource	B349D8FDD740E715D0F0FA9D16F0179D_39082A2C77BEE2D8E1AA00FCF45CEAD2	Frame	respond	200	text/javascript	Unknown	False
1bd0bb562d14d9649268bc8c1179d0dc	Resource	B349D8FDD740E715D0F0FA9D16F0179D_39082A2C77BEE2D8E1AA00FCF45CEAD2	Frame	respond	200	text/javascript	Unknown	False
227f2211426c353b2ecec0efd91f23ab	Resource	B349D8FDD740E715D0F0FA9D16F0179D_39082A2C77BEE2D8E1AA00FCF45CEAD2	Frame	respond	200	font/woff2	Unknown	False
54018db73cd354e7a2f61e8918611b63	Resource	B349D8FDD740E715D0F0FA9D16F0179D_39082A2C77BEE2D8E1AA00FCF45CEAD2	Frame	respond	200	font/woff2	Unknown	False
eef53a3e369403583e89b69cbcfd3c88	Resource	B349D8FDD740E715D0F0FA9D16F0179D_39082A2C77BEE2D8E1AA00FCF45CEAD2	Frame	respond	200	font/woff2	Unknown	False
d61f3490fa38f2a88bcf49c6598b2046	Resource	8_B349D8FDD740E715D0F0FA9D16F0179D_39082A2C77BEE2D8E1AA00FCF45CEAD2	Script	respond	200	text/javascript	Unknown	False
fc79bef778b9049091629c9a79416e41	Resource	8_B349D8FDD740E715D0F0FA9D16F0179D_39082A2C77BEE2D8E1AA00FCF45CEAD2	Script	respond	200	text/javascript	Unknown	False
d94a802b01e4cbe024aecaa70e85d2f1	Resource	8_B349D8FDD740E715D0F0FA9D16F0179D_39082A2C77BEE2D8E1AA00FCF45CEAD2	Script	respond	200	text/javascript	Unknown	False
e23ba9dbc067624ec097cdf0157f49d8	Resource	8_B349D8FDD740E715D0F0FA9D16F0179D_39082A2C77BEE2D8E1AA00FCF45CEAD2	Script	respond	200	text/javascript	Unknown	False
7948756ff334f48259f8a5b9f77bcb6a	Resource	8_B349D8FDD740E715D0F0FA9D16F0179D_39082A2C77BEE2D8E1AA00FCF45CEAD2	Script	respond	200	text/javascript	Unknown	False
9791bc867e922ca7fe27b754b68fae09	Resource	8_B349D8FDD740E715D0F0FA9D16F0179D_39082A2C77BEE2D8E1AA00FCF45CEAD2	Script	respond	200	text/javascript	Unknown	False
35fa9de1b30f1e2144d13667dca03201	Resource	8_B349D8FDD740E715D0F0FA9D16F0179D_39082A2C77BEE2D8E1AA00FCF45CEAD2	Script	respond	200	text/javascript	Unknown	False
7061fa2aff64d7fcfc5e396fe309f2c6	Resource	8_B349D8FDD740E715D0F0FA9D16F0179D_39082A2C77BEE2D8E1AA00FCF45CEAD2	Script	respond	200	text/javascript	Unknown	False
28e3729dc456503dfa4b496a9ca9c1f1	Resource	8_B349D8FDD740E715D0F0FA9D16F0179D_39082A2C77BEE2D8E1AA00FCF45CEAD2	Script	respond	200	text/javascript	Unknown	False
227fa5f86ae093fab74d3e5829b8f8b0	Resource	8_B349D8FDD740E715D0F0FA9D16F0179D_39082A2C77BEE2D8E1AA00FCF45CEAD2	Script	respond	200	text/javascript	Unknown	False
22294e7e0693f9bc825cd2eace3268f4	Resource	8_B349D8FDD740E715D0F0FA9D16F0179D_39082A2C77BEE2D8E1AA00FCF45CEAD2	Script	respond	200	text/javascript	Unknown	False
ca004d39c89967ba7e561339510a0dcd	Resource	8_B349D8FDD740E715D0F0FA9D16F0179D_39082A2C77BEE2D8E1AA00FCF45CEAD2	Script	respond	200	text/javascript	Unknown	False
d310d62012b9dd00d3b30d280ead2d17	Resource	8_B349D8FDD740E715D0F0FA9D16F0179D_39082A2C77BEE2D8E1AA00FCF45CEAD2	Script	respond	200	text/javascript	Unknown	False
c194003e7b896a22a12c493b8193a1a1	Resource	8_B349D8FDD740E715D0F0FA9D16F0179D_39082A2C77BEE2D8E1AA00FCF45CEAD2	Script	respond	200	text/javascript	Unknown	False
d7891b73826f5d3b7011ee48c2e4ed4d	Resource	8_B349D8FDD740E715D0F0FA9D16F0179D_39082A2C77BEE2D8E1AA00FCF45CEAD2	Script	respond	200	text/javascript	Unknown	False
56a69b2b9b79abd0b69c0aad4a51568e	Resource	8_B349D8FDD740E715D0F0FA9D16F0179D_39082A2C77BEE2D8E1AA00FCF45CEAD2	Script	respond	200	text/javascript	Unknown	False
30c4d1d6817e3fd73a42afffe35e998a	Resource	8_B349D8FDD740E715D0F0FA9D16F0179D_39082A2C77BEE2D8E1AA00FCF45CEAD2	Script	respond	200	text/javascript	Unknown	False
8f3effb4b36938d2bf8baa4aeabc4ccb	Resource	8_B349D8FDD740E715D0F0FA9D16F0179D_39082A2C77BEE2D8E1AA00FCF45CEAD2	Script	respond	200	text/javascript	Unknown	False
45fd67d0fcd6c208b34718df10a62ff9	Resource	8_B349D8FDD740E715D0F0FA9D16F0179D_39082A2C77BEE2D8E1AA00FCF45CEAD2	Script	respond	200	text/javascript	Unknown	False
43df9b197ea12b8197a75b0a42c3ca8c	Resource	8_B349D8FDD740E715D0F0FA9D16F0179D_39082A2C77BEE2D8E1AA00FCF45CEAD2	Script	respond	200	text/javascript	Unknown	False
fe527695c0e1aa7d611bfbd7bd7c791f	Resource	8_B349D8FDD740E715D0F0FA9D16F0179D_39082A2C77BEE2D8E1AA00FCF45CEAD2	Script	respond	200	text/javascript	Unknown	False
6d232702dcfc3cf7e4f8788f8346795b	Resource	B349D8FDD740E715D0F0FA9D16F0179D_39082A2C77BEE2D8E1AA00FCF45CEAD2	Frame	respond	200	image/png	Unknown	False
dd699a9cda16c462cf45c02ae933ad7e	Resource	B349D8FDD740E715D0F0FA9D16F0179D_39082A2C77BEE2D8E1AA00FCF45CEAD2	Frame	respond	200	image/png	Unknown	False
e771b9683bf5de151f0f5361baa22721	Resource	B349D8FDD740E715D0F0FA9D16F0179D_39082A2C77BEE2D8E1AA00FCF45CEAD2	Frame	respond	200	image/png	Unknown	False
3249567da758625e3f912ed778c069f0	Resource	8_B349D8FDD740E715D0F0FA9D16F0179D_39082A2C77BEE2D8E1AA00FCF45CEAD2	Script	respond	200	text/javascript	Unknown	False
6d11d400d49ccc904e6b2f21ae2b9917	Resource	8_B349D8FDD740E715D0F0FA9D16F0179D_39082A2C77BEE2D8E1AA00FCF45CEAD2	Script	respond	200	text/javascript	Unknown	False
35739102eb144f63cf1113f2b7695dee	Resource	8_B349D8FDD740E715D0F0FA9D16F0179D_39082A2C77BEE2D8E1AA00FCF45CEAD2	Script	respond	200	text/javascript	Unknown	False
6977a3333667ff7508695e14d28f1d8d	Resource	30_B349D8FDD740E715D0F0FA9D16F0179D_BB264FB4270601D72157B2F6A66F27DD	Script	respond	404	text/html	Unknown	False
cf0b8a44eadf32c2caf0d748f8cba63a	Resource	8_B349D8FDD740E715D0F0FA9D16F0179D_39082A2C77BEE2D8E1AA00FCF45CEAD2	Script	respond	200	text/javascript	Unknown	False
54018db73cd354e7a2f61e8918611b63	Resource	7FF97959DC09BE6BCB82BA8AB550EE9E_45263DB15A96829619163945103093D0	Frame	respond	200	font/woff2	Unknown	False
227f2211426c353b2ecec0efd91f23ab	Resource	7FF97959DC09BE6BCB82BA8AB550EE9E_45263DB15A96829619163945103093D0	Frame	respond	200	font/woff2	Unknown	False
eef53a3e369403583e89b69cbcfd3c88	Resource	7FF97959DC09BE6BCB82BA8AB550EE9E_45263DB15A96829619163945103093D0	Frame	respond	200	font/woff2	Unknown	False
ffbd7384050e928fa018bf4914e4c739	Resource	8_7FF97959DC09BE6BCB82BA8AB550EE9E_45263DB15A96829619163945103093D0	Script	respond	200	text/javascript	Unknown	False
9fff543b9e53d53e26c29ca4d0ba1be3	Resource	8_7FF97959DC09BE6BCB82BA8AB550EE9E_45263DB15A96829619163945103093D0	Script	respond	200	text/javascript	Unknown	False
35d4ad2d223b5f80c75d27c65bfe4624	Resource	8_7FF97959DC09BE6BCB82BA8AB550EE9E_45263DB15A96829619163945103093D0	Script	respond	200	text/javascript	Unknown	False
07937d3e1f6fccd637d3541371d0c55f	Resource	8_7FF97959DC09BE6BCB82BA8AB550EE9E_45263DB15A96829619163945103093D0	Script	respond	200	text/javascript	Unknown	False
df657e36b41a0f81180e06246f82b406	Resource	8_7FF97959DC09BE6BCB82BA8AB550EE9E_45263DB15A96829619163945103093D0	Script	respond	200	text/javascript	Unknown	False
ddd5e7998985ae4aee7ddba728739822	Resource	8_7FF97959DC09BE6BCB82BA8AB550EE9E_45263DB15A96829619163945103093D0	Script	respond	200	text/javascript	Unknown	False
8031ebbea92dfe837c885f1666709745	Resource	8_7FF97959DC09BE6BCB82BA8AB550EE9E_45263DB15A96829619163945103093D0	Script	respond	200	text/javascript	Unknown	False
184e00735ce76a489f82c7251aab5046	Resource	8_7FF97959DC09BE6BCB82BA8AB550EE9E_45263DB15A96829619163945103093D0	Script	respond	200	text/javascript	Unknown	False
9525ed19580f79d0adf1577287435500	Resource	8_7FF97959DC09BE6BCB82BA8AB550EE9E_45263DB15A96829619163945103093D0	Script	respond	200	text/javascript	Unknown	False
746c5f40cfa31a9aca3ef7e88362f33b	Resource	8_7FF97959DC09BE6BCB82BA8AB550EE9E_45263DB15A96829619163945103093D0	Script	respond	200	text/javascript	Unknown	False
6af7591fc7a3119895e0d1a3e87cf298	Resource	8_7FF97959DC09BE6BCB82BA8AB550EE9E_45263DB15A96829619163945103093D0	Script	respond	200	text/javascript	Unknown	False
6681943480fc84a957254488a60e3e75	Resource	8_7FF97959DC09BE6BCB82BA8AB550EE9E_45263DB15A96829619163945103093D0	Script	respond	200	text/javascript	Unknown	False
14d11bcad99824af88a47c4ffd75a7b7	Resource	8_7FF97959DC09BE6BCB82BA8AB550EE9E_45263DB15A96829619163945103093D0	Script	respond	200	text/javascript	Unknown	False
b544d001bbe12cc1269af74331846621	Resource	8_7FF97959DC09BE6BCB82BA8AB550EE9E_45263DB15A96829619163945103093D0	Script	respond	200	text/javascript	Unknown	False
f902df8eda6a0d692e00399a4a730506	Resource	8_7FF97959DC09BE6BCB82BA8AB550EE9E_45263DB15A96829619163945103093D0	Script	respond	200	text/javascript	Unknown	False
5f803582014a79cc9f00a1141496121e	Resource	8_7FF97959DC09BE6BCB82BA8AB550EE9E_45263DB15A96829619163945103093D0	Script	respond	200	text/javascript	Unknown	False
3c04f247154f2ad677235fac8071ef03	Resource	8_7FF97959DC09BE6BCB82BA8AB550EE9E_45263DB15A96829619163945103093D0	Script	respond	200	text/javascript	Unknown	False
99140ee7c01063d671db5621fc6aff08	Resource	8_7FF97959DC09BE6BCB82BA8AB550EE9E_45263DB15A96829619163945103093D0	Script	respond	200	text/javascript	Unknown	False
573b7175119cf1d372dca0781d619499	Resource	8_7FF97959DC09BE6BCB82BA8AB550EE9E_45263DB15A96829619163945103093D0	Script	respond	200	text/javascript	Unknown	False
963ecae6098426f46a8debdfdd333c18	Resource	8_7FF97959DC09BE6BCB82BA8AB550EE9E_45263DB15A96829619163945103093D0	Script	respond	200	text/javascript	Unknown	False
28653ffcc325bb9dee89e383a6727a2e	Resource	8_7FF97959DC09BE6BCB82BA8AB550EE9E_45263DB15A96829619163945103093D0	Script	respond	200	text/javascript	Unknown	False
cec369162635b4d880901929f1db667b	Resource	8_7FF97959DC09BE6BCB82BA8AB550EE9E_45263DB15A96829619163945103093D0	Script	respond	200	text/javascript	Unknown	False
cdf4e4274bd3a56dfc21970f4b444ab6	Resource	8_7FF97959DC09BE6BCB82BA8AB550EE9E_45263DB15A96829619163945103093D0	Script	respond	200	text/javascript	Unknown	False
28503f6acd72c65f2ed0476b4ac9332b	Resource	8_7FF97959DC09BE6BCB82BA8AB550EE9E_45263DB15A96829619163945103093D0	Script	respond	200	text/javascript	Unknown	False
2c92db06dfed7e0d25889ad2eed11946	Resource	8_7FF97959DC09BE6BCB82BA8AB550EE9E_45263DB15A96829619163945103093D0	Script	respond	200	text/javascript	Unknown	False
f4b7a9a693c4300ed8cd8a55429815fb	Resource	8_7FF97959DC09BE6BCB82BA8AB550EE9E_45263DB15A96829619163945103093D0	Script	respond	200	text/javascript	Unknown	False
2c2eeeee774da097799680f61e07327d	Resource	7FF97959DC09BE6BCB82BA8AB550EE9E_45263DB15A96829619163945103093D0	Frame	respond	200	image/vnd.microsoft.icon	Unknown	False
fa0004c513bb674ad51976250385d2aa	Resource	8_164AF194D522EF7ADCFF8AB2A9EEDC02_E4438DC616D9E1453047B5A357168DFD	Script	respond	200	text/html	Unknown	False
387150d3aa5f114a997eeaf634e48f22	Resource	8_7FF97959DC09BE6BCB82BA8AB550EE9E_45263DB15A96829619163945103093D0	Script	respond	200	text/javascript	Unknown	False
f42b59d958c1e9c0bc254c75eac97e9a	Resource	8_7FF97959DC09BE6BCB82BA8AB550EE9E_45263DB15A96829619163945103093D0	Script	respond	200	text/javascript	Unknown	False
11f8803c41f137f8017307cf3dcab00d	Resource	8_7FF97959DC09BE6BCB82BA8AB550EE9E_45263DB15A96829619163945103093D0	Script	respond	200	text/javascript	Unknown	False
ee268e1a34a5155c82ee3643d4e666dc	Resource	8_7FF97959DC09BE6BCB82BA8AB550EE9E_45263DB15A96829619163945103093D0	Script	respond	200	text/javascript	Unknown	False
4fe9cee18236bd421a79dfc9d0024445	Resource	8_7FF97959DC09BE6BCB82BA8AB550EE9E_45263DB15A96829619163945103093D0	Script	respond	200	text/javascript	Unknown	False
7e5cba77baa8e4a15f19b93d0b540ac5	Resource	8_7FF97959DC09BE6BCB82BA8AB550EE9E_45263DB15A96829619163945103093D0	Script	respond	200	text/javascript	Unknown	False
52995747c923dc193d0f54a111446584	Resource	8_7FF97959DC09BE6BCB82BA8AB550EE9E_45263DB15A96829619163945103093D0	Script	respond	200	text/javascript	Unknown	False
fc69115c942c46b93e6e70a990237a27	Resource	164AF194D522EF7ADCFF8AB2A9EEDC02_E4438DC616D9E1453047B5A357168DFD	Frame	respond	200	text/css	Unknown	False
92eb7e4f2166c9173a1df6efef4cc305	Resource	164AF194D522EF7ADCFF8AB2A9EEDC02_E4438DC616D9E1453047B5A357168DFD	Frame	respond	200	text/css	Unknown	False
2f18ade3615d8022004b154778107958	Resource	164AF194D522EF7ADCFF8AB2A9EEDC02_E4438DC616D9E1453047B5A357168DFD	Frame	respond	200	image/png	Unknown	False
af001d3cec764b8c5343f5d0460374c2	Resource	164AF194D522EF7ADCFF8AB2A9EEDC02_E4438DC616D9E1453047B5A357168DFD	Frame	respond	200	font/woff2	Unknown	False
02e144a627f91cff8e4f5c9317b3321f	Resource	164AF194D522EF7ADCFF8AB2A9EEDC02_E4438DC616D9E1453047B5A357168DFD	Frame	respond	200	font/woff2	Unknown	False
e2fc11a1d05f0298a813886f415a8c7e	Resource	6_164AF194D522EF7ADCFF8AB2A9EEDC02_E4438DC616D9E1453047B5A357168DFD	Script	respond	200	application/javascript	Unknown	False
a1aa1e002aafae2669143ba2911cf85c	Resource	6_164AF194D522EF7ADCFF8AB2A9EEDC02_E4438DC616D9E1453047B5A357168DFD	Script	respond	200	application/javascript	Unknown	False
851b60886ea11b972a3967d8bac525dd	Resource	6_164AF194D522EF7ADCFF8AB2A9EEDC02_E4438DC616D9E1453047B5A357168DFD	Script	respond	200	application/javascript	Unknown	False
2163dbc8d0890550e233a9d2a4c29faf	Resource	6_164AF194D522EF7ADCFF8AB2A9EEDC02_E4438DC616D9E1453047B5A357168DFD	Script	respond	200	application/javascript	Unknown	False
bd3ff920951aa7691189f127ff779502	Resource	6_164AF194D522EF7ADCFF8AB2A9EEDC02_E4438DC616D9E1453047B5A357168DFD	Script	respond	200	application/javascript	Unknown	False
fe3c4cc55589bbd3225a089dc7a12c83	Resource	6_164AF194D522EF7ADCFF8AB2A9EEDC02_E4438DC616D9E1453047B5A357168DFD	Script	respond	200	application/javascript	Unknown	False
850dc9b7dfcea422322a3ce1136ea906	Resource	6_164AF194D522EF7ADCFF8AB2A9EEDC02_E4438DC616D9E1453047B5A357168DFD	Script	respond	200	application/javascript	Unknown	False
505b3ec8eb0d7e33aebd27a885b4b958	Resource	164AF194D522EF7ADCFF8AB2A9EEDC02_E4438DC616D9E1453047B5A357168DFD	Frame	respond	200	font/woff2	Unknown	False
3f591e767994bee5a3d4f450b3bfc80a	Resource	16_164AF194D522EF7ADCFF8AB2A9EEDC02_E4438DC616D9E1453047B5A357168DFD	Script	respond	200	application/json	Unknown	False
8dcf6ea83805869ebdac38324f137c77	Resource	16_164AF194D522EF7ADCFF8AB2A9EEDC02_E4438DC616D9E1453047B5A357168DFD	Script	respond	200	application/json	Unknown	False
0f3be56a3ad02bd59ff19f273a615065	Resource	16_164AF194D522EF7ADCFF8AB2A9EEDC02_E4438DC616D9E1453047B5A357168DFD	Script	respond	200	application/json	Unknown	False
cbbbc92825e740866b952efbe3ecb783	Resource	16_164AF194D522EF7ADCFF8AB2A9EEDC02_E4438DC616D9E1453047B5A357168DFD	Script	respond	200	application/json	Unknown	False
